{
  "config": {
    "features": [
      {
        "feature": {
          "config": {
            "features": [
              {
                "feature": {
                  "config": {
                    "decorators": [],
                    "dirt_provider": {
                      "state": {
                        "Name": "minecraft:dirt"
                      },
                      "type": "minecraft:simple_state_provider"
                    },
                    "foliage_placer": {
                      "height": 3,
                      "offset": 0,
                      "radius": 2,
                      "type": "minecraft:blob_foliage_placer"
                    },
                    "foliage_provider": {
                      "state": {
                        "Name": "minecraft:jungle_leaves",
                        "Properties": {
                          "distance": "7",
                          "persistent": "false",
                          "waterlogged": "false"
                        }
                      },
                      "type": "minecraft:simple_state_provider"
                    },
                    "force_dirt": false,
                    "ignore_vines": true,
                    "minimum_size": {
                      "limit": 1,
                      "lower_size": 0,
                      "upper_size": 1,
                      "type": "minecraft:two_layers_feature_size"
                    },
                    "trunk_placer": {
                      "base_height": 4,
                      "height_rand_a": 8,
                      "height_rand_b": 0,
                      "type": "minecraft:straight_trunk_placer"
                    },
                    "trunk_provider": {
                      "state": {
                        "Name": "minecraft:jungle_log",
                        "Properties": {
                          "axis": "y"
                        }
                      },
                      "type": "minecraft:simple_state_provider"
                    }
                  },
                  "type": "minecraft:tree"
                },
                "placement": [
                  {
                    "predicate": {
                      "blocks": "minecraft:moss_block",
                      "offset": [
                        0,
                        -1,
                        0
                      ],
                      "type": "minecraft:matching_blocks"
                    },
                    "type": "minecraft:block_predicate_filter"
                  }
                ]
              },
              {
                "feature": {
                  "config": {
                    "default": {
                      "feature": "arboria_saplings:jungle_bush/6",
                      "placement": []
                    },
                    "features": [
                      {
                        "chance": 0.4,
                        "feature": {
                          "feature": "arboria_saplings:jungle_bush/5",
                          "placement": []
                        }
                      }
                    ]
                  },
                  "type": "minecraft:random_selector"
                },
                "placement": [
                  {
                    "predicate": {
                      "blocks": "minecraft:rooted_dirt",
                      "offset": [
                        0,
                        -1,
                        0
                      ],
                      "type": "minecraft:matching_blocks"
                    },
                    "type": "minecraft:block_predicate_filter"
                  }
                ]
              },
              {
                "feature": {
                  "config": {
                    "default": {
                      "feature": "arboria_saplings:jungle_tree/9",
                      "placement": []
                    },
                    "features": [
                      {
                        "chance": 0.375,
                        "feature": {
                          "feature": "arboria_saplings:jungle_tree/6",
                          "placement": []
                        }
                      },
                      {
                        "chance": 0.15,
                        "feature": {
                          "feature": "arboria_saplings:jungle_tree/7",
                          "placement": []
                        }
                      },
                      {
                        "chance": 0.6,
                        "feature": {
                          "feature": "arboria_saplings:jungle_tree/8",
                          "placement": []
                        }
                      }
                    ]
                  },
                  "type": "minecraft:random_selector"
                },
                "placement": [
                  {
                    "predicate": {
                      "blocks": "minecraft:mud",
                      "offset": [
                        0,
                        -1,
                        0
                      ],
                      "type": "minecraft:matching_blocks"
                    },
                    "type": "minecraft:block_predicate_filter"
                  }
                ]
              },
              {
                "feature": {
                  "config": {
                    "default": {
                      "feature": "arboria_saplings:palm/4_jungle",
                      "placement": []
                    },
                    "features": [
                      {
                        "chance": 0.5,
                        "feature": {
                          "feature": "arboria_saplings:palm/1_jungle",
                          "placement": []
                        }
                      },
                      {
                        "chance": 0.25,
                        "feature": {
                          "feature": "arboria_saplings:palm/2_jungle",
                          "placement": []
                        }
                      },
                      {
                        "chance": 0.8,
                        "feature": {
                          "feature": "arboria_saplings:palm/3_jungle",
                          "placement": []
                        }
                      }
                    ]
                  },
                  "type": "minecraft:random_selector"
                },
                "placement": [
                  {
                    "predicate": {
                      "predicates": [
                        {
                          "blocks": "minecraft:sand",
                          "offset": [
                            0,
                            -2,
                            0
                          ],
                          "type": "minecraft:matching_blocks"
                        },
                        {
                          "predicate": {
                            "blocks": [
                              "minecraft:moss_block",
                              "minecraft:rooted_dirt",
                              "minecraft:mud"
                            ],
                            "offset": [
                              0,
                              -1,
                              0
                            ],
                            "type": "minecraft:matching_blocks"
                          },
                          "type": "minecraft:not"
                        }
                      ],
                      "type": "minecraft:all_of"
                    },
                    "type": "minecraft:block_predicate_filter"
                  }
                ]
              },
              {
                "feature": {
                  "config": {
                    "default": {
                      "feature": "arboria_saplings:jungle_tree/5",
                      "placement": []
                    },
                    "features": [
                      {
                        "chance": 0.375,
                        "feature": {
                          "feature": "arboria_saplings:jungle_tree/1",
                          "placement": []
                        }
                      },
                      {
                        "chance": 0.575,
                        "feature": {
                          "feature": "arboria_saplings:jungle_tree/3",
                          "placement": []
                        }
                      }
                    ]
                  },
                  "type": "minecraft:random_selector"
                },
                "placement": [
                  {
                    "predicate": {
                      "predicate": {
                        "predicates": [
                          {
                            "blocks": [
                              "minecraft:moss_block",
                              "minecraft:rooted_dirt",
                              "minecraft:mud"
                            ],
                            "offset": [
                              0,
                              -1,
                              0
                            ],
                            "type": "minecraft:matching_blocks"
                          },
                          {
                            "blocks": "minecraft:sand",
                            "offset": [
                              0,
                              -2,
                              0
                            ],
                            "type": "minecraft:matching_blocks"
                          }
                        ],
                        "type": "minecraft:any_of"
                      },
                      "type": "minecraft:not"
                    },
                    "type": "minecraft:block_predicate_filter"
                  }
                ]
              }
            ]
          },
          "type": "minecraft:simple_random_selector"
        },
        "placement": [
          {
            "count": 48,
            "type": "minecraft:count"
          },
          {
            "predicate": {
              "predicate": {
                "type": "minecraft:solid"
              },
              "type": "minecraft:not"
            },
            "type": "minecraft:block_predicate_filter"
          }
        ]
      }
    ]
  },
  "type": "minecraft:simple_random_selector"
}