{
  "config": {
    "features": [
      {
        "feature": {
          "config": {
            "features": [
              {
                "feature": {
                  "config": {
                    "decorators": [],
                    "dirt_provider": {
                      "state": {
                        "Name": "minecraft:dirt"
                      },
                      "type": "minecraft:simple_state_provider"
                    },
                    "foliage_placer": {
                      "offset": 0,
                      "radius": 0,
                      "type": "minecraft:acacia_foliage_placer"
                    },
                    "foliage_provider": {
                      "state": {
                        "Name": "minecraft:air"
                      },
                      "type": "minecraft:simple_state_provider"
                    },
                    "force_dirt": false,
                    "ignore_vines": true,
                    "minimum_size": {
                      "limit": 1,
                      "lower_size": 0,
                      "upper_size": 0,
                      "type": "minecraft:two_layers_feature_size"
                    },
                    "trunk_placer": {
                      "base_height": 9,
                      "height_rand_a": 2,
                      "height_rand_b": 1,
                      "type": "minecraft:straight_trunk_placer"
                    },
                    "trunk_provider": {
                      "entries": [
                        {
                          "data": {
                            "Name": "minecraft:oak_log",
                            "Properties": {
                              "axis": "y"
                            }
                          },
                          "weight": 5
                        },
                        {
                          "data": {
                            "Name": "minecraft:stripped_oak_log",
                            "Properties": {
                              "axis": "y"
                            }
                          },
                          "weight": 3
                        }
                      ],
                      "type": "minecraft:weighted_state_provider"
                    }
                  },
                  "type": "minecraft:tree"
                },
                "placement": [
                  {
                    "predicate": {
                      "type": "minecraft:replaceable"
                    },
                    "type": "minecraft:block_predicate_filter"
                  }
                ]
              },
              {
                "feature": {
                  "config": {
                    "features": [
                      {
                        "feature": {
                          "config": {
                            "allowed_placement": {
                              "blocks": [
                                "minecraft:air",
                                "minecraft:oak_leaves"
                              ],
                              "type": "minecraft:matching_blocks"
                            },
                            "direction": "east",
                            "layers": [
                              {
                                "height": {
                                  "value": {
                                    "min_inclusive": 1,
                                    "max_inclusive": 2
                                  },
                                  "type": "minecraft:biased_to_bottom"
                                },
                                "provider": {
                                  "entries": [
                                    {
                                      "data": {
                                        "Name": "minecraft:oak_log",
                                        "Properties": {
                                          "axis": "x"
                                        }
                                      },
                                      "weight": 5
                                    },
                                    {
                                      "data": {
                                        "Name": "minecraft:stripped_oak_log",
                                        "Properties": {
                                          "axis": "x"
                                        }
                                      },
                                      "weight": 3
                                    }
                                  ],
                                  "type": "minecraft:weighted_state_provider"
                                }
                              }
                            ],
                            "prioritize_tip": false
                          },
                          "type": "minecraft:block_column"
                        },
                        "placement": [
                          {
                            "xz_spread": {
                              "value": {
                                "min_inclusive": 0,
                                "max_inclusive": 1
                              },
                              "type": "minecraft:uniform"
                            },
                            "y_spread": {
                              "value": {
                                "min_inclusive": 5,
                                "max_inclusive": 12
                              },
                              "type": "minecraft:uniform"
                            },
                            "type": "minecraft:random_offset"
                          },
                          {
                            "predicate": {
                              "predicates": [
                                {
                                  "blocks": [
                                    "minecraft:oak_log",
                                    "minecraft:stripped_oak_log"
                                  ],
                                  "offset": [
                                    -1,
                                    1,
                                    0
                                  ],
                                  "type": "minecraft:matching_blocks"
                                },
                                {
                                  "predicate": {
                                    "blocks": [
                                      "minecraft:oak_log",
                                      "minecraft:stripped_oak_log"
                                    ],
                                    "offset": [
                                      0,
                                      1,
                                      0
                                    ],
                                    "type": "minecraft:matching_blocks"
                                  },
                                  "type": "minecraft:not"
                                },
                                {
                                  "predicate": {
                                    "blocks": [
                                      "minecraft:oak_log",
                                      "minecraft:stripped_oak_log"
                                    ],
                                    "offset": [
                                      0,
                                      -1,
                                      0
                                    ],
                                    "type": "minecraft:matching_blocks"
                                  },
                                  "type": "minecraft:not"
                                }
                              ],
                              "type": "minecraft:all_of"
                            },
                            "type": "minecraft:block_predicate_filter"
                          }
                        ]
                      },
                      {
                        "feature": {
                          "config": {
                            "allowed_placement": {
                              "blocks": [
                                "minecraft:air",
                                "minecraft:oak_leaves"
                              ],
                              "type": "minecraft:matching_blocks"
                            },
                            "direction": "south",
                            "layers": [
                              {
                                "height": {
                                  "value": {
                                    "min_inclusive": 1,
                                    "max_inclusive": 2
                                  },
                                  "type": "minecraft:biased_to_bottom"
                                },
                                "provider": {
                                  "entries": [
                                    {
                                      "data": {
                                        "Name": "minecraft:oak_log",
                                        "Properties": {
                                          "axis": "z"
                                        }
                                      },
                                      "weight": 5
                                    },
                                    {
                                      "data": {
                                        "Name": "minecraft:stripped_oak_log",
                                        "Properties": {
                                          "axis": "z"
                                        }
                                      },
                                      "weight": 3
                                    }
                                  ],
                                  "type": "minecraft:weighted_state_provider"
                                }
                              }
                            ],
                            "prioritize_tip": false
                          },
                          "type": "minecraft:block_column"
                        },
                        "placement": [
                          {
                            "xz_spread": {
                              "value": {
                                "min_inclusive": 0,
                                "max_inclusive": 1
                              },
                              "type": "minecraft:uniform"
                            },
                            "y_spread": {
                              "value": {
                                "min_inclusive": 5,
                                "max_inclusive": 12
                              },
                              "type": "minecraft:uniform"
                            },
                            "type": "minecraft:random_offset"
                          },
                          {
                            "predicate": {
                              "predicates": [
                                {
                                  "blocks": [
                                    "minecraft:oak_log",
                                    "minecraft:stripped_oak_log"
                                  ],
                                  "offset": [
                                    0,
                                    1,
                                    -1
                                  ],
                                  "type": "minecraft:matching_blocks"
                                },
                                {
                                  "predicate": {
                                    "blocks": [
                                      "minecraft:oak_log",
                                      "minecraft:stripped_oak_log"
                                    ],
                                    "offset": [
                                      0,
                                      1,
                                      0
                                    ],
                                    "type": "minecraft:matching_blocks"
                                  },
                                  "type": "minecraft:not"
                                },
                                {
                                  "predicate": {
                                    "blocks": [
                                      "minecraft:oak_log",
                                      "minecraft:stripped_oak_log"
                                    ],
                                    "offset": [
                                      0,
                                      -1,
                                      0
                                    ],
                                    "type": "minecraft:matching_blocks"
                                  },
                                  "type": "minecraft:not"
                                }
                              ],
                              "type": "minecraft:all_of"
                            },
                            "type": "minecraft:block_predicate_filter"
                          }
                        ]
                      },
                      {
                        "feature": {
                          "config": {
                            "allowed_placement": {
                              "blocks": [
                                "minecraft:air",
                                "minecraft:oak_leaves"
                              ],
                              "type": "minecraft:matching_blocks"
                            },
                            "direction": "west",
                            "layers": [
                              {
                                "height": {
                                  "value": {
                                    "min_inclusive": 1,
                                    "max_inclusive": 2
                                  },
                                  "type": "minecraft:biased_to_bottom"
                                },
                                "provider": {
                                  "entries": [
                                    {
                                      "data": {
                                        "Name": "minecraft:oak_log",
                                        "Properties": {
                                          "axis": "x"
                                        }
                                      },
                                      "weight": 5
                                    },
                                    {
                                      "data": {
                                        "Name": "minecraft:stripped_oak_log",
                                        "Properties": {
                                          "axis": "x"
                                        }
                                      },
                                      "weight": 3
                                    }
                                  ],
                                  "type": "minecraft:weighted_state_provider"
                                }
                              }
                            ],
                            "prioritize_tip": false
                          },
                          "type": "minecraft:block_column"
                        },
                        "placement": [
                          {
                            "xz_spread": {
                              "value": {
                                "min_inclusive": -1,
                                "max_inclusive": 0
                              },
                              "type": "minecraft:uniform"
                            },
                            "y_spread": {
                              "value": {
                                "min_inclusive": 5,
                                "max_inclusive": 12
                              },
                              "type": "minecraft:uniform"
                            },
                            "type": "minecraft:random_offset"
                          },
                          {
                            "predicate": {
                              "predicates": [
                                {
                                  "blocks": [
                                    "minecraft:oak_log",
                                    "minecraft:stripped_oak_log"
                                  ],
                                  "offset": [
                                    1,
                                    1,
                                    0
                                  ],
                                  "type": "minecraft:matching_blocks"
                                },
                                {
                                  "predicate": {
                                    "blocks": [
                                      "minecraft:oak_log",
                                      "minecraft:stripped_oak_log"
                                    ],
                                    "offset": [
                                      0,
                                      1,
                                      0
                                    ],
                                    "type": "minecraft:matching_blocks"
                                  },
                                  "type": "minecraft:not"
                                },
                                {
                                  "predicate": {
                                    "blocks": [
                                      "minecraft:oak_log",
                                      "minecraft:stripped_oak_log"
                                    ],
                                    "offset": [
                                      0,
                                      -1,
                                      0
                                    ],
                                    "type": "minecraft:matching_blocks"
                                  },
                                  "type": "minecraft:not"
                                }
                              ],
                              "type": "minecraft:all_of"
                            },
                            "type": "minecraft:block_predicate_filter"
                          }
                        ]
                      },
                      {
                        "feature": {
                          "config": {
                            "allowed_placement": {
                              "blocks": [
                                "minecraft:air",
                                "minecraft:oak_leaves"
                              ],
                              "type": "minecraft:matching_blocks"
                            },
                            "direction": "north",
                            "layers": [
                              {
                                "height": {
                                  "value": {
                                    "min_inclusive": 1,
                                    "max_inclusive": 2
                                  },
                                  "type": "minecraft:biased_to_bottom"
                                },
                                "provider": {
                                  "entries": [
                                    {
                                      "data": {
                                        "Name": "minecraft:oak_log",
                                        "Properties": {
                                          "axis": "z"
                                        }
                                      },
                                      "weight": 5
                                    },
                                    {
                                      "data": {
                                        "Name": "minecraft:stripped_oak_log",
                                        "Properties": {
                                          "axis": "z"
                                        }
                                      },
                                      "weight": 3
                                    }
                                  ],
                                  "type": "minecraft:weighted_state_provider"
                                }
                              }
                            ],
                            "prioritize_tip": false
                          },
                          "type": "minecraft:block_column"
                        },
                        "placement": [
                          {
                            "xz_spread": {
                              "value": {
                                "min_inclusive": -1,
                                "max_inclusive": 0
                              },
                              "type": "minecraft:uniform"
                            },
                            "y_spread": {
                              "value": {
                                "min_inclusive": 5,
                                "max_inclusive": 12
                              },
                              "type": "minecraft:uniform"
                            },
                            "type": "minecraft:random_offset"
                          },
                          {
                            "predicate": {
                              "predicates": [
                                {
                                  "blocks": [
                                    "minecraft:oak_log",
                                    "minecraft:stripped_oak_log"
                                  ],
                                  "offset": [
                                    0,
                                    1,
                                    -1
                                  ],
                                  "type": "minecraft:matching_blocks"
                                },
                                {
                                  "predicate": {
                                    "blocks": [
                                      "minecraft:oak_log",
                                      "minecraft:stripped_oak_log"
                                    ],
                                    "offset": [
                                      0,
                                      1,
                                      0
                                    ],
                                    "type": "minecraft:matching_blocks"
                                  },
                                  "type": "minecraft:not"
                                },
                                {
                                  "predicate": {
                                    "blocks": [
                                      "minecraft:oak_log",
                                      "minecraft:stripped_oak_log"
                                    ],
                                    "offset": [
                                      0,
                                      -1,
                                      0
                                    ],
                                    "type": "minecraft:matching_blocks"
                                  },
                                  "type": "minecraft:not"
                                }
                              ],
                              "type": "minecraft:all_of"
                            },
                            "type": "minecraft:block_predicate_filter"
                          }
                        ]
                      }
                    ]
                  },
                  "type": "minecraft:simple_random_selector"
                },
                "placement": [
                  {
                    "predicate": {
                      "blocks": [
                        "minecraft:oak_log",
                        "minecraft:stripped_oak_log"
                      ],
                      "type": "minecraft:matching_blocks"
                    },
                    "type": "minecraft:block_predicate_filter"
                  },
                  {
                    "count": 3,
                    "type": "minecraft:count"
                  }
                ]
              },
              {
                "feature": "arboria_saplings:dead_oak/roots/1",
                "placement": [
                  {
                    "predicate": {
                      "blocks": [
                        "minecraft:oak_log",
                        "minecraft:stripped_oak_log"
                      ],
                      "type": "minecraft:matching_blocks"
                    },
                    "type": "minecraft:block_predicate_filter"
                  }
                ]
              }
            ]
          },
          "type": "minecraft:simple_random_selector"
        },
        "placement": [
          {
            "predicate": {
              "state": {
                "Name": "minecraft:oak_sapling",
                "Properties": {
                  "stage": "0"
                }
              },
              "type": "minecraft:would_survive"
            },
            "type": "minecraft:block_predicate_filter"
          },
          {
            "count": 48,
            "type": "minecraft:count"
          }
        ]
      }
    ]
  },
  "type": "minecraft:simple_random_selector"
}