{
  "config": {
    "features": [
      {
        "feature": {
          "config": {
            "features": [
              {
                "feature": {
                  "config": {
                    "features": [
                      {
                        "feature": {
                          "config": {
                            "decorators": [],
                            "dirt_provider": {
                              "state": {
                                "Name": "minecraft:dirt"
                              },
                              "type": "minecraft:simple_state_provider"
                            },
                            "foliage_placer": {
                              "height": 1,
                              "offset": 0,
                              "radius": 2,
                              "type": "minecraft:blob_foliage_placer"
                            },
                            "foliage_provider": {
                              "entries": [
                                {
                                  "data": {
                                    "Name": "minecraft:spruce_log",
                                    "Properties": {
                                      "axis": "y"
                                    }
                                  },
                                  "weight": 5
                                },
                                {
                                  "data": {
                                    "Name": "minecraft:stripped_spruce_log",
                                    "Properties": {
                                      "axis": "y"
                                    }
                                  },
                                  "weight": 3
                                }
                              ],
                              "type": "minecraft:weighted_state_provider"
                            },
                            "force_dirt": false,
                            "ignore_vines": true,
                            "minimum_size": {
                              "limit": 3,
                              "lower_size": 1,
                              "upper_size": 1,
                              "type": "minecraft:two_layers_feature_size"
                            },
                            "trunk_placer": {
                              "base_height": 1,
                              "height_rand_a": 5,
                              "height_rand_b": 0,
                              "type": "minecraft:straight_trunk_placer"
                            },
                            "trunk_provider": {
                              "entries": [
                                {
                                  "data": {
                                    "Name": "minecraft:spruce_log",
                                    "Properties": {
                                      "axis": "y"
                                    }
                                  },
                                  "weight": 5
                                },
                                {
                                  "data": {
                                    "Name": "minecraft:stripped_spruce_log",
                                    "Properties": {
                                      "axis": "y"
                                    }
                                  },
                                  "weight": 3
                                }
                              ],
                              "type": "minecraft:weighted_state_provider"
                            }
                          },
                          "type": "minecraft:tree"
                        },
                        "placement": [
                          {
                            "predicate": {
                              "type": "minecraft:replaceable"
                            },
                            "type": "minecraft:block_predicate_filter"
                          },
                          {
                            "count": 64,
                            "type": "minecraft:count"
                          }
                        ]
                      },
                      {
                        "feature": {
                          "config": {
                            "depth": 1,
                            "extra_bottom_block_chance": 0.0,
                            "extra_edge_column_chance": 0.0,
                            "ground_state": {
                              "entries": [
                                {
                                  "data": {
                                    "Name": "minecraft:spruce_log",
                                    "Properties": {
                                      "axis": "y"
                                    }
                                  },
                                  "weight": 5
                                },
                                {
                                  "data": {
                                    "Name": "minecraft:stripped_spruce_log",
                                    "Properties": {
                                      "axis": "y"
                                    }
                                  },
                                  "weight": 3
                                }
                              ],
                              "type": "minecraft:weighted_state_provider"
                            },
                            "replaceable": "#arboria:spruce_log",
                            "surface": "floor",
                            "vegetation_chance": 1.0,
                            "vegetation_feature": {
                              "feature": {
                                "config": {
                                  "allowed_placement": {
                                    "blocks": "#arboria:tree_branch_replaceable",
                                    "type": "minecraft:matching_blocks"
                                  },
                                  "direction": "up",
                                  "layers": [
                                    {
                                      "height": {
                                        "value": {
                                          "min_inclusive": 1,
                                          "max_inclusive": 4
                                        },
                                        "type": "minecraft:uniform"
                                      },
                                      "provider": {
                                        "entries": [
                                          {
                                            "data": {
                                              "Name": "minecraft:spruce_log",
                                              "Properties": {
                                                "axis": "y"
                                              }
                                            },
                                            "weight": 5
                                          },
                                          {
                                            "data": {
                                              "Name": "minecraft:stripped_spruce_log",
                                              "Properties": {
                                                "axis": "y"
                                              }
                                            },
                                            "weight": 3
                                          }
                                        ],
                                        "type": "minecraft:weighted_state_provider"
                                      }
                                    }
                                  ],
                                  "prioritize_tip": false
                                },
                                "type": "minecraft:block_column"
                              },
                              "placement": []
                            },
                            "vertical_range": 2,
                            "xz_radius": 1
                          },
                          "type": "minecraft:vegetation_patch"
                        },
                        "placement": [
                          {
                            "predicate": {
                              "predicates": [
                                {
                                  "blocks": [
                                    "minecraft:spruce_log",
                                    "minecraft:stripped_spruce_log"
                                  ],
                                  "type": "minecraft:matching_blocks"
                                },
                                {
                                  "offset": [
                                    0,
                                    7,
                                    0
                                  ],
                                  "type": "minecraft:replaceable"
                                }
                              ],
                              "type": "minecraft:all_of"
                            },
                            "type": "minecraft:block_predicate_filter"
                          },
                          {
                            "direction_of_search": "up",
                            "max_steps": 8,
                            "target_condition": {
                              "blocks": "minecraft:air",
                              "offset": [
                                0,
                                1,
                                0
                              ],
                              "type": "minecraft:matching_blocks"
                            },
                            "type": "minecraft:environment_scan"
                          }
                        ]
                      }
                    ]
                  },
                  "type": "minecraft:simple_random_selector"
                },
                "placement": [
                  {
                    "predicate": {
                      "type": "minecraft:replaceable"
                    },
                    "type": "minecraft:block_predicate_filter"
                  },
                  {
                    "count": 28,
                    "type": "minecraft:count"
                  }
                ]
              },
              {
                "feature": "arboria_saplings:sequoia/roots/dead",
                "placement": [
                  {
                    "predicate": {
                      "blocks": [
                        "minecraft:spruce_log",
                        "minecraft:stripped_spruce_log"
                      ],
                      "type": "minecraft:matching_blocks"
                    },
                    "type": "minecraft:block_predicate_filter"
                  }
                ]
              }
            ]
          },
          "type": "minecraft:simple_random_selector"
        },
        "placement": [
          {
            "predicate": {
              "state": {
                "Name": "minecraft:spruce_sapling",
                "Properties": {
                  "stage": "0"
                }
              },
              "type": "minecraft:would_survive"
            },
            "type": "minecraft:block_predicate_filter"
          },
          {
            "count": 48,
            "type": "minecraft:count"
          }
        ]
      }
    ]
  },
  "type": "minecraft:simple_random_selector"
}