{
  "config": {
    "features": [
      {
        "feature": "arboria_saplings:palm/branch/2_oak_east",
        "placement": []
      },
      {
        "feature": "arboria_saplings:palm/branch/2_oak_south",
        "placement": []
      },
      {
        "feature": "arboria_saplings:palm/branch/2_oak_west",
        "placement": []
      },
      {
        "feature": "arboria_saplings:palm/branch/2_oak_north",
        "placement": []
      }
    ]
  },
  "type": "minecraft:simple_random_selector"
}