{
  "config": {
    "feature": {
      "feature": {
        "config": {
          "features": [
            {
              "feature": {
                "config": {
                  "to_place": {
                    "state": {
                      "Name": "minecraft:acacia_log",
                      "Properties": {
                        "axis": "y"
                      }
                    },
                    "type": "minecraft:simple_state_provider"
                  }
                },
                "type": "minecraft:simple_block"
              },
              "placement": [
                {
                  "predicate": {
                    "blocks": "#arboria:tree_branch_replaceable",
                    "type": "minecraft:matching_blocks"
                  },
                  "type": "minecraft:block_predicate_filter"
                }
              ]
            },
            {
              "feature": {
                "config": {
                  "feature": {
                    "feature": {
                      "config": {
                        "features": [
                          {
                            "feature": {
                              "config": {
                                "to_place": {
                                  "state": {
                                    "Name": "minecraft:acacia_log",
                                    "Properties": {
                                      "axis": "y"
                                    }
                                  },
                                  "type": "minecraft:simple_state_provider"
                                }
                              },
                              "type": "minecraft:simple_block"
                            },
                            "placement": [
                              {
                                "predicate": {
                                  "blocks": "#arboria:tree_branch_replaceable",
                                  "type": "minecraft:matching_blocks"
                                },
                                "type": "minecraft:block_predicate_filter"
                              }
                            ]
                          },
                          {
                            "feature": "arboria_saplings:acacia/branch/2_south",
                            "placement": [
                              {
                                "predicate": {
                                  "blocks": "minecraft:acacia_log",
                                  "type": "minecraft:matching_blocks"
                                },
                                "type": "minecraft:block_predicate_filter"
                              },
                              {
                                "predicate": {
                                  "blocks": "#arboria:tree_branch_replaceable",
                                  "offset": [
                                    0,
                                    1,
                                    1
                                  ],
                                  "type": "minecraft:matching_blocks"
                                },
                                "type": "minecraft:block_predicate_filter"
                              },
                              {
                                "direction_of_search": "up",
                                "max_steps": 1,
                                "target_condition": {
                                  "blocks": "minecraft:acacia_log",
                                  "offset": [
                                    0,
                                    -1,
                                    0
                                  ],
                                  "type": "minecraft:matching_blocks"
                                },
                                "type": "minecraft:environment_scan"
                              }
                            ]
                          },
                          {
                            "feature": "arboria_saplings:acacia/branch/2_north",
                            "placement": [
                              {
                                "predicate": {
                                  "blocks": "minecraft:acacia_log",
                                  "type": "minecraft:matching_blocks"
                                },
                                "type": "minecraft:block_predicate_filter"
                              },
                              {
                                "predicate": {
                                  "blocks": "#arboria:tree_branch_replaceable",
                                  "offset": [
                                    0,
                                    1,
                                    -1
                                  ],
                                  "type": "minecraft:matching_blocks"
                                },
                                "type": "minecraft:block_predicate_filter"
                              },
                              {
                                "direction_of_search": "up",
                                "max_steps": 1,
                                "target_condition": {
                                  "blocks": "minecraft:acacia_log",
                                  "offset": [
                                    0,
                                    -1,
                                    0
                                  ],
                                  "type": "minecraft:matching_blocks"
                                },
                                "type": "minecraft:environment_scan"
                              }
                            ]
                          }
                        ]
                      },
                      "type": "minecraft:simple_random_selector"
                    },
                    "placement": [
                      {
                        "predicate": {
                          "predicates": [
                            {
                              "blocks": "#arboria:tree_branch_replaceable",
                              "type": "minecraft:matching_blocks"
                            },
                            {
                              "blocks": "minecraft:acacia_log",
                              "offset": [
                                1,
                                -1,
                                0
                              ],
                              "type": "minecraft:matching_blocks"
                            },
                            {
                              "predicate": {
                                "blocks": "minecraft:acacia_log",
                                "offset": [
                                  -1,
                                  -1,
                                  0
                                ],
                                "type": "minecraft:matching_blocks"
                              },
                              "type": "minecraft:not"
                            },
                            {
                              "predicate": {
                                "blocks": "minecraft:acacia_log",
                                "offset": [
                                  0,
                                  -1,
                                  1
                                ],
                                "type": "minecraft:matching_blocks"
                              },
                              "type": "minecraft:not"
                            },
                            {
                              "predicate": {
                                "blocks": "minecraft:acacia_log",
                                "offset": [
                                  0,
                                  -1,
                                  -1
                                ],
                                "type": "minecraft:matching_blocks"
                              },
                              "type": "minecraft:not"
                            },
                            {
                              "blocks": "#arboria:tree_branch_replaceable",
                              "offset": [
                                1,
                                0,
                                0
                              ],
                              "type": "minecraft:matching_blocks"
                            },
                            {
                              "blocks": "#arboria:tree_branch_replaceable",
                              "offset": [
                                0,
                                -1,
                                0
                              ],
                              "type": "minecraft:matching_blocks"
                            }
                          ],
                          "type": "minecraft:all_of"
                        },
                        "type": "minecraft:block_predicate_filter"
                      },
                      {
                        "count": 40,
                        "type": "minecraft:count"
                      }
                    ]
                  },
                  "tries": 18,
                  "xz_spread": 1,
                  "y_spread": 0
                },
                "type": "minecraft:random_patch"
              },
              "placement": [
                {
                  "predicate": {
                    "blocks": "minecraft:acacia_log",
                    "type": "minecraft:matching_blocks"
                  },
                  "type": "minecraft:block_predicate_filter"
                },
                {
                  "direction_of_search": "up",
                  "max_steps": 1,
                  "target_condition": {
                    "blocks": "minecraft:acacia_log",
                    "offset": [
                      0,
                      -1,
                      0
                    ],
                    "type": "minecraft:matching_blocks"
                  },
                  "type": "minecraft:environment_scan"
                }
              ]
            }
          ]
        },
        "type": "minecraft:simple_random_selector"
      },
      "placement": [
        {
          "predicate": {
            "predicates": [
              {
                "blocks": "#arboria:tree_branch_replaceable",
                "type": "minecraft:matching_blocks"
              },
              {
                "blocks": "minecraft:acacia_log",
                "offset": [
                  1,
                  -1,
                  0
                ],
                "type": "minecraft:matching_blocks"
              },
              {
                "predicate": {
                  "blocks": "minecraft:acacia_log",
                  "offset": [
                    -1,
                    -1,
                    0
                  ],
                  "type": "minecraft:matching_blocks"
                },
                "type": "minecraft:not"
              },
              {
                "predicate": {
                  "blocks": "minecraft:acacia_log",
                  "offset": [
                    0,
                    -1,
                    1
                  ],
                  "type": "minecraft:matching_blocks"
                },
                "type": "minecraft:not"
              },
              {
                "predicate": {
                  "blocks": "minecraft:acacia_log",
                  "offset": [
                    0,
                    -1,
                    -1
                  ],
                  "type": "minecraft:matching_blocks"
                },
                "type": "minecraft:not"
              },
              {
                "blocks": "#arboria:tree_branch_replaceable",
                "offset": [
                  1,
                  0,
                  0
                ],
                "type": "minecraft:matching_blocks"
              },
              {
                "blocks": "#arboria:tree_branch_replaceable",
                "offset": [
                  0,
                  -1,
                  0
                ],
                "type": "minecraft:matching_blocks"
              }
            ],
            "type": "minecraft:all_of"
          },
          "type": "minecraft:block_predicate_filter"
        },
        {
          "count": 32,
          "type": "minecraft:count"
        }
      ]
    },
    "tries": 64,
    "xz_spread": 1,
    "y_spread": 0
  },
  "type": "minecraft:random_patch"
}