{
  "config": {
    "features": [
      {
        "feature": {
          "config": {
            "features": [
              {
                "feature": {
                  "config": {
                    "decorators": [],
                    "dirt_provider": {
                      "state": {
                        "Name": "minecraft:air"
                      },
                      "type": "minecraft:simple_state_provider"
                    },
                    "foliage_placer": {
                      "height": 4,
                      "offset": 0,
                      "radius": 1,
                      "type": "minecraft:fancy_foliage_placer"
                    },
                    "foliage_provider": {
                      "state": {
                        "Name": "minecraft:oak_log",
                        "Properties": {
                          "axis": "y"
                        }
                      },
                      "type": "minecraft:simple_state_provider"
                    },
                    "force_dirt": false,
                    "ignore_vines": true,
                    "minimum_size": {
                      "limit": 1,
                      "lower_size": 0,
                      "upper_size": 0,
                      "type": "minecraft:two_layers_feature_size"
                    },
                    "trunk_placer": {
                      "base_height": 4,
                      "height_rand_a": 0,
                      "height_rand_b": 0,
                      "type": "minecraft:straight_trunk_placer"
                    },
                    "trunk_provider": {
                      "state": {
                        "Name": "minecraft:oak_log",
                        "Properties": {
                          "axis": "y"
                        }
                      },
                      "type": "minecraft:simple_state_provider"
                    }
                  },
                  "type": "minecraft:tree"
                },
                "placement": [
                  {
                    "predicate": {
                      "blocks": "#arboria:tree_branch_replaceable",
                      "type": "minecraft:matching_blocks"
                    },
                    "type": "minecraft:block_predicate_filter"
                  }
                ]
              },
              {
                "feature": {
                  "config": {
                    "features": [
                      {
                        "feature": {
                          "config": {
                            "decorators": [
                              {
                                "probability": 0.1,
                                "type": "minecraft:beehive"
                              }
                            ],
                            "dirt_provider": {
                              "state": {
                                "Name": "minecraft:air"
                              },
                              "type": "minecraft:simple_state_provider"
                            },
                            "foliage_placer": {
                              "height": 4,
                              "offset": 0,
                              "radius": 1,
                              "type": "minecraft:fancy_foliage_placer"
                            },
                            "foliage_provider": {
                              "state": {
                                "Name": "minecraft:oak_log",
                                "Properties": {
                                  "axis": "y"
                                }
                              },
                              "type": "minecraft:simple_state_provider"
                            },
                            "force_dirt": false,
                            "ignore_vines": true,
                            "minimum_size": {
                              "limit": 1,
                              "lower_size": 0,
                              "upper_size": 0,
                              "type": "minecraft:two_layers_feature_size"
                            },
                            "trunk_placer": {
                              "base_height": 4,
                              "height_rand_a": 0,
                              "height_rand_b": 0,
                              "type": "minecraft:straight_trunk_placer"
                            },
                            "trunk_provider": {
                              "state": {
                                "Name": "minecraft:oak_log",
                                "Properties": {
                                  "axis": "y"
                                }
                              },
                              "type": "minecraft:simple_state_provider"
                            }
                          },
                          "type": "minecraft:tree"
                        },
                        "placement": [
                          {
                            "predicate": {
                              "blocks": "#arboria:tree_branch_replaceable",
                              "type": "minecraft:matching_blocks"
                            },
                            "type": "minecraft:block_predicate_filter"
                          }
                        ]
                      },
                      {
                        "feature": {
                          "config": {
                            "features": [
                              {
                                "feature": {
                                  "config": {
                                    "decorators": [],
                                    "dirt_provider": {
                                      "state": {
                                        "Name": "minecraft:air"
                                      },
                                      "type": "minecraft:simple_state_provider"
                                    },
                                    "foliage_placer": {
                                      "height": 7,
                                      "offset": 0,
                                      "radius": 1,
                                      "type": "minecraft:fancy_foliage_placer"
                                    },
                                    "foliage_provider": {
                                      "state": {
                                        "Name": "minecraft:oak_log",
                                        "Properties": {
                                          "axis": "y"
                                        }
                                      },
                                      "type": "minecraft:simple_state_provider"
                                    },
                                    "force_dirt": false,
                                    "ignore_vines": true,
                                    "minimum_size": {
                                      "limit": 1,
                                      "lower_size": 0,
                                      "upper_size": 0,
                                      "type": "minecraft:two_layers_feature_size"
                                    },
                                    "trunk_placer": {
                                      "base_height": 7,
                                      "height_rand_a": 0,
                                      "height_rand_b": 0,
                                      "type": "minecraft:straight_trunk_placer"
                                    },
                                    "trunk_provider": {
                                      "state": {
                                        "Name": "minecraft:oak_log",
                                        "Properties": {
                                          "axis": "y"
                                        }
                                      },
                                      "type": "minecraft:simple_state_provider"
                                    }
                                  },
                                  "type": "minecraft:tree"
                                },
                                "placement": [
                                  {
                                    "predicate": {
                                      "blocks": "#arboria:tree_branch_replaceable",
                                      "type": "minecraft:matching_blocks"
                                    },
                                    "type": "minecraft:block_predicate_filter"
                                  }
                                ]
                              },
                              {
                                "feature": {
                                  "config": {
                                    "decorators": [
                                      {
                                        "block_provider": {
                                          "state": {
                                            "Name": "minecraft:oak_leaves",
                                            "Properties": {
                                              "distance": "2",
                                              "persistent": "false",
                                              "waterlogged": "false"
                                            }
                                          },
                                          "type": "minecraft:simple_state_provider"
                                        },
                                        "directions": [
                                          "down"
                                        ],
                                        "exclusion_radius_xz": 0,
                                        "exclusion_radius_y": 0,
                                        "probability": 0.4,
                                        "required_empty_blocks": 1,
                                        "type": "minecraft:attached_to_leaves"
                                      },
                                      {
                                        "block_provider": {
                                          "state": {
                                            "Name": "minecraft:oak_leaves",
                                            "Properties": {
                                              "distance": "2",
                                              "persistent": "false",
                                              "waterlogged": "false"
                                            }
                                          },
                                          "type": "minecraft:simple_state_provider"
                                        },
                                        "directions": [
                                          "east"
                                        ],
                                        "exclusion_radius_xz": 0,
                                        "exclusion_radius_y": 0,
                                        "probability": 0.6,
                                        "required_empty_blocks": 1,
                                        "type": "minecraft:attached_to_leaves"
                                      },
                                      {
                                        "block_provider": {
                                          "state": {
                                            "Name": "minecraft:oak_leaves",
                                            "Properties": {
                                              "distance": "2",
                                              "persistent": "false",
                                              "waterlogged": "false"
                                            }
                                          },
                                          "type": "minecraft:simple_state_provider"
                                        },
                                        "directions": [
                                          "south"
                                        ],
                                        "exclusion_radius_xz": 0,
                                        "exclusion_radius_y": 0,
                                        "probability": 0.6,
                                        "required_empty_blocks": 1,
                                        "type": "minecraft:attached_to_leaves"
                                      },
                                      {
                                        "block_provider": {
                                          "state": {
                                            "Name": "minecraft:oak_leaves",
                                            "Properties": {
                                              "distance": "2",
                                              "persistent": "false",
                                              "waterlogged": "false"
                                            }
                                          },
                                          "type": "minecraft:simple_state_provider"
                                        },
                                        "directions": [
                                          "west"
                                        ],
                                        "exclusion_radius_xz": 0,
                                        "exclusion_radius_y": 0,
                                        "probability": 0.6,
                                        "required_empty_blocks": 1,
                                        "type": "minecraft:attached_to_leaves"
                                      },
                                      {
                                        "block_provider": {
                                          "state": {
                                            "Name": "minecraft:oak_leaves",
                                            "Properties": {
                                              "distance": "2",
                                              "persistent": "false",
                                              "waterlogged": "false"
                                            }
                                          },
                                          "type": "minecraft:simple_state_provider"
                                        },
                                        "directions": [
                                          "north"
                                        ],
                                        "exclusion_radius_xz": 0,
                                        "exclusion_radius_y": 0,
                                        "probability": 0.6,
                                        "required_empty_blocks": 1,
                                        "type": "minecraft:attached_to_leaves"
                                      },
                                      {
                                        "block_provider": {
                                          "state": {
                                            "Name": "minecraft:oak_leaves",
                                            "Properties": {
                                              "distance": "2",
                                              "persistent": "false",
                                              "waterlogged": "false"
                                            }
                                          },
                                          "type": "minecraft:simple_state_provider"
                                        },
                                        "directions": [
                                          "up"
                                        ],
                                        "exclusion_radius_xz": 0,
                                        "exclusion_radius_y": 0,
                                        "probability": 0.8,
                                        "required_empty_blocks": 1,
                                        "type": "minecraft:attached_to_leaves"
                                      }
                                    ],
                                    "dirt_provider": {
                                      "state": {
                                        "Name": "minecraft:air"
                                      },
                                      "type": "minecraft:simple_state_provider"
                                    },
                                    "foliage_placer": {
                                      "height": 5,
                                      "offset": 1,
                                      "radius": 1,
                                      "type": "minecraft:fancy_foliage_placer"
                                    },
                                    "foliage_provider": {
                                      "state": {
                                        "Name": "minecraft:oak_leaves",
                                        "Properties": {
                                          "distance": "1",
                                          "persistent": "false",
                                          "waterlogged": "false"
                                        }
                                      },
                                      "type": "minecraft:simple_state_provider"
                                    },
                                    "force_dirt": false,
                                    "ignore_vines": true,
                                    "minimum_size": {
                                      "limit": 1,
                                      "lower_size": 0,
                                      "upper_size": 0,
                                      "type": "minecraft:two_layers_feature_size"
                                    },
                                    "trunk_placer": {
                                      "base_height": 8,
                                      "height_rand_a": 8,
                                      "height_rand_b": 0,
                                      "type": "minecraft:fancy_trunk_placer"
                                    },
                                    "trunk_provider": {
                                      "state": {
                                        "Name": "minecraft:oak_log",
                                        "Properties": {
                                          "axis": "y"
                                        }
                                      },
                                      "type": "minecraft:simple_state_provider"
                                    }
                                  },
                                  "type": "minecraft:tree"
                                },
                                "placement": [
                                  {
                                    "predicate": {
                                      "blocks": "minecraft:oak_log",
                                      "type": "minecraft:matching_blocks"
                                    },
                                    "type": "minecraft:block_predicate_filter"
                                  }
                                ]
                              }
                            ]
                          },
                          "type": "minecraft:simple_random_selector"
                        },
                        "placement": [
                          {
                            "predicate": {
                              "blocks": "minecraft:oak_log",
                              "type": "minecraft:matching_blocks"
                            },
                            "type": "minecraft:block_predicate_filter"
                          },
                          {
                            "count": 8,
                            "type": "minecraft:count"
                          },
                          {
                            "xz_spread": {
                              "distribution": [
                                {
                                  "data": -1,
                                  "weight": 1
                                },
                                {
                                  "data": 1,
                                  "weight": 1
                                }
                              ],
                              "type": "minecraft:weighted_list"
                            },
                            "y_spread": 3,
                            "type": "minecraft:random_offset"
                          },
                          {
                            "predicate": {
                              "predicates": [
                                {
                                  "blocks": "#arboria:tree_branch_replaceable",
                                  "type": "minecraft:matching_blocks"
                                },
                                {
                                  "blocks": "minecraft:oak_log",
                                  "offset": [
                                    -1,
                                    1,
                                    1
                                  ],
                                  "type": "minecraft:matching_blocks"
                                },
                                {
                                  "blocks": "#arboria:tree_branch_replaceable",
                                  "offset": [
                                    -1,
                                    1,
                                    0
                                  ],
                                  "type": "minecraft:matching_blocks"
                                },
                                {
                                  "blocks": "#arboria:tree_branch_replaceable",
                                  "offset": [
                                    0,
                                    1,
                                    1
                                  ],
                                  "type": "minecraft:matching_blocks"
                                }
                              ],
                              "type": "minecraft:all_of"
                            },
                            "type": "minecraft:block_predicate_filter"
                          },
                          {
                            "count": 24,
                            "type": "minecraft:count"
                          }
                        ]
                      }
                    ]
                  },
                  "type": "minecraft:simple_random_selector"
                },
                "placement": [
                  {
                    "predicate": {
                      "blocks": "minecraft:oak_log",
                      "type": "minecraft:matching_blocks"
                    },
                    "type": "minecraft:block_predicate_filter"
                  },
                  {
                    "count": 8,
                    "type": "minecraft:count"
                  },
                  {
                    "xz_spread": {
                      "distribution": [
                        {
                          "data": -1,
                          "weight": 1
                        },
                        {
                          "data": 1,
                          "weight": 1
                        }
                      ],
                      "type": "minecraft:weighted_list"
                    },
                    "y_spread": 3,
                    "type": "minecraft:random_offset"
                  },
                  {
                    "predicate": {
                      "predicates": [
                        {
                          "blocks": "#arboria:tree_branch_replaceable",
                          "type": "minecraft:matching_blocks"
                        },
                        {
                          "blocks": "minecraft:oak_log",
                          "offset": [
                            -1,
                            1,
                            1
                          ],
                          "type": "minecraft:matching_blocks"
                        },
                        {
                          "blocks": "#arboria:tree_branch_replaceable",
                          "offset": [
                            -1,
                            1,
                            0
                          ],
                          "type": "minecraft:matching_blocks"
                        },
                        {
                          "blocks": "#arboria:tree_branch_replaceable",
                          "offset": [
                            0,
                            1,
                            1
                          ],
                          "type": "minecraft:matching_blocks"
                        }
                      ],
                      "type": "minecraft:all_of"
                    },
                    "type": "minecraft:block_predicate_filter"
                  },
                  {
                    "count": 28,
                    "type": "minecraft:count"
                  }
                ]
              }
            ]
          },
          "type": "minecraft:simple_random_selector"
        },
        "placement": [
          {
            "count": 24,
            "type": "minecraft:count"
          },
          {
            "xz_spread": {
              "distribution": [
                {
                  "data": -1,
                  "weight": 1
                },
                {
                  "data": 1,
                  "weight": 1
                }
              ],
              "type": "minecraft:weighted_list"
            },
            "y_spread": -2,
            "type": "minecraft:random_offset"
          },
          {
            "predicate": {
              "predicates": [
                {
                  "blocks": "#arboria:tree_branch_replaceable",
                  "type": "minecraft:matching_blocks"
                },
                {
                  "blocks": "minecraft:oak_log",
                  "offset": [
                    -1,
                    1,
                    1
                  ],
                  "type": "minecraft:matching_blocks"
                },
                {
                  "blocks": "#arboria:tree_branch_replaceable",
                  "offset": [
                    -1,
                    1,
                    0
                  ],
                  "type": "minecraft:matching_blocks"
                },
                {
                  "blocks": "#arboria:tree_branch_replaceable",
                  "offset": [
                    0,
                    1,
                    1
                  ],
                  "type": "minecraft:matching_blocks"
                }
              ],
              "type": "minecraft:all_of"
            },
            "type": "minecraft:block_predicate_filter"
          },
          {
            "count": 28,
            "type": "minecraft:count"
          }
        ]
      }
    ]
  },
  "type": "minecraft:simple_random_selector"
}