{
  "config": {
    "features": [
      {
        "feature": "arboria_saplings:spruce/branch/2_east",
        "placement": [
          {
            "xz_spread": 0,
            "y_spread": {
              "value": {
                "min_inclusive": 0,
                "max_inclusive": 1
              },
              "type": "minecraft:uniform"
            },
            "type": "minecraft:random_offset"
          }
        ]
      },
      {
        "feature": "arboria_saplings:spruce/branch/2_south",
        "placement": [
          {
            "xz_spread": 0,
            "y_spread": {
              "value": {
                "min_inclusive": 0,
                "max_inclusive": 1
              },
              "type": "minecraft:uniform"
            },
            "type": "minecraft:random_offset"
          }
        ]
      },
      {
        "feature": "arboria_saplings:spruce/branch/2_west",
        "placement": [
          {
            "xz_spread": 0,
            "y_spread": {
              "value": {
                "min_inclusive": 0,
                "max_inclusive": 1
              },
              "type": "minecraft:uniform"
            },
            "type": "minecraft:random_offset"
          }
        ]
      },
      {
        "feature": "arboria_saplings:spruce/branch/2_north",
        "placement": [
          {
            "xz_spread": 0,
            "y_spread": {
              "value": {
                "min_inclusive": 0,
                "max_inclusive": 1
              },
              "type": "minecraft:uniform"
            },
            "type": "minecraft:random_offset"
          }
        ]
      }
    ]
  },
  "type": "minecraft:simple_random_selector"
}