{
  "config": {
    "feature": {
      "feature": {
        "config": {
          "to_place": {
            "state": {
              "Name": "minecraft:acacia_wood",
              "Properties": {
                "axis": "y"
              }
            },
            "type": "minecraft:simple_state_provider"
          }
        },
        "type": "minecraft:simple_block"
      },
      "placement": [
        {
          "predicate": {
            "predicates": [
              {
                "type": "minecraft:replaceable"
              },
              {
                "predicates": [
                  {
                    "blocks": "#arboria:dirt",
                    "offset": [
                      0,
                      -1,
                      0
                    ],
                    "type": "minecraft:matching_blocks"
                  },
                  {
                    "blocks": "minecraft:acacia_wood",
                    "offset": [
                      0,
                      -1,
                      0
                    ],
                    "type": "minecraft:matching_blocks"
                  }
                ],
                "type": "minecraft:any_of"
              },
              {
                "predicates": [
                  {
                    "blocks": "minecraft:acacia_log",
                    "offset": [
                      1,
                      1,
                      0
                    ],
                    "type": "minecraft:matching_blocks"
                  },
                  {
                    "blocks": "minecraft:acacia_log",
                    "offset": [
                      0,
                      1,
                      1
                    ],
                    "type": "minecraft:matching_blocks"
                  },
                  {
                    "blocks": "minecraft:acacia_log",
                    "offset": [
                      -1,
                      1,
                      0
                    ],
                    "type": "minecraft:matching_blocks"
                  },
                  {
                    "blocks": "minecraft:acacia_log",
                    "offset": [
                      0,
                      1,
                      -1
                    ],
                    "type": "minecraft:matching_blocks"
                  }
                ],
                "type": "minecraft:any_of"
              }
            ],
            "type": "minecraft:all_of"
          },
          "type": "minecraft:block_predicate_filter"
        }
      ]
    },
    "tries": 24,
    "xz_spread": 2,
    "y_spread": 2
  },
  "type": "minecraft:random_patch"
}