{
  "config": {
    "default": {
      "feature": "arboria_saplings:forest_oak/11",
      "placement": []
    },
    "features": [
      {
        "chance": 0.1,
        "feature": {
          "feature": "arboria_saplings:forest_oak/1",
          "placement": []
        }
      },
      {
        "chance": 0.05,
        "feature": {
          "feature": "arboria_saplings:forest_oak/no_bees/2",
          "placement": []
        }
      },
      {
        "chance": 0.075,
        "feature": {
          "feature": "arboria_saplings:forest_oak/no_bees/5",
          "placement": []
        }
      },
      {
        "chance": 0.175,
        "feature": {
          "feature": "arboria_saplings:forest_oak/no_bees/6",
          "placement": []
        }
      },
      {
        "chance": 0.325,
        "feature": {
          "feature": "arboria_saplings:forest_oak/7",
          "placement": []
        }
      },
      {
        "chance": 0.3,
        "feature": {
          "feature": "arboria_saplings:forest_oak/no_bees/8",
          "placement": []
        }
      },
      {
        "chance": 0.2,
        "feature": {
          "feature": "arboria_saplings:forest_oak/9",
          "placement": []
        }
      },
      {
        "chance": 0.4,
        "feature": {
          "feature": "arboria_saplings:forest_oak/no_bees/10",
          "placement": []
        }
      }
    ]
  },
  "type": "minecraft:random_selector"
}