{
  "config": {
    "features": [
      {
        "feature": {
          "config": {
            "features": [
              {
                "feature": {
                  "config": {
                    "decorators": [
                      {
                        "block_provider": {
                          "state": {
                            "Name": "minecraft:oak_leaves",
                            "Properties": {
                              "distance": "2",
                              "persistent": "false",
                              "waterlogged": "false"
                            }
                          },
                          "type": "minecraft:simple_state_provider"
                        },
                        "directions": [
                          "down"
                        ],
                        "exclusion_radius_xz": 0,
                        "exclusion_radius_y": 0,
                        "probability": 0.4,
                        "required_empty_blocks": 1,
                        "type": "minecraft:attached_to_leaves"
                      },
                      {
                        "block_provider": {
                          "state": {
                            "Name": "minecraft:oak_leaves",
                            "Properties": {
                              "distance": "2",
                              "persistent": "false",
                              "waterlogged": "false"
                            }
                          },
                          "type": "minecraft:simple_state_provider"
                        },
                        "directions": [
                          "east"
                        ],
                        "exclusion_radius_xz": 0,
                        "exclusion_radius_y": 0,
                        "probability": 0.6,
                        "required_empty_blocks": 1,
                        "type": "minecraft:attached_to_leaves"
                      },
                      {
                        "block_provider": {
                          "state": {
                            "Name": "minecraft:oak_leaves",
                            "Properties": {
                              "distance": "2",
                              "persistent": "false",
                              "waterlogged": "false"
                            }
                          },
                          "type": "minecraft:simple_state_provider"
                        },
                        "directions": [
                          "south"
                        ],
                        "exclusion_radius_xz": 0,
                        "exclusion_radius_y": 0,
                        "probability": 0.6,
                        "required_empty_blocks": 1,
                        "type": "minecraft:attached_to_leaves"
                      },
                      {
                        "block_provider": {
                          "state": {
                            "Name": "minecraft:oak_leaves",
                            "Properties": {
                              "distance": "2",
                              "persistent": "false",
                              "waterlogged": "false"
                            }
                          },
                          "type": "minecraft:simple_state_provider"
                        },
                        "directions": [
                          "west"
                        ],
                        "exclusion_radius_xz": 0,
                        "exclusion_radius_y": 0,
                        "probability": 0.6,
                        "required_empty_blocks": 1,
                        "type": "minecraft:attached_to_leaves"
                      },
                      {
                        "block_provider": {
                          "state": {
                            "Name": "minecraft:oak_leaves",
                            "Properties": {
                              "distance": "2",
                              "persistent": "false",
                              "waterlogged": "false"
                            }
                          },
                          "type": "minecraft:simple_state_provider"
                        },
                        "directions": [
                          "north"
                        ],
                        "exclusion_radius_xz": 0,
                        "exclusion_radius_y": 0,
                        "probability": 0.6,
                        "required_empty_blocks": 1,
                        "type": "minecraft:attached_to_leaves"
                      },
                      {
                        "block_provider": {
                          "state": {
                            "Name": "minecraft:oak_leaves",
                            "Properties": {
                              "distance": "2",
                              "persistent": "false",
                              "waterlogged": "false"
                            }
                          },
                          "type": "minecraft:simple_state_provider"
                        },
                        "directions": [
                          "up"
                        ],
                        "exclusion_radius_xz": 0,
                        "exclusion_radius_y": 0,
                        "probability": 0.8,
                        "required_empty_blocks": 1,
                        "type": "minecraft:attached_to_leaves"
                      }
                    ],
                    "dirt_provider": {
                      "state": {
                        "Name": "minecraft:dirt"
                      },
                      "type": "minecraft:simple_state_provider"
                    },
                    "foliage_placer": {
                      "height": 7,
                      "offset": 1,
                      "radius": 1,
                      "type": "minecraft:fancy_foliage_placer"
                    },
                    "foliage_provider": {
                      "state": {
                        "Name": "minecraft:oak_leaves",
                        "Properties": {
                          "distance": "1",
                          "persistent": "false",
                          "waterlogged": "false"
                        }
                      },
                      "type": "minecraft:simple_state_provider"
                    },
                    "force_dirt": false,
                    "ignore_vines": true,
                    "minimum_size": {
                      "limit": 1,
                      "lower_size": 0,
                      "upper_size": 0,
                      "type": "minecraft:two_layers_feature_size"
                    },
                    "trunk_placer": {
                      "base_height": 14,
                      "height_rand_a": 1,
                      "height_rand_b": 2,
                      "type": "minecraft:straight_trunk_placer"
                    },
                    "trunk_provider": {
                      "state": {
                        "Name": "minecraft:oak_log",
                        "Properties": {
                          "axis": "y"
                        }
                      },
                      "type": "minecraft:simple_state_provider"
                    }
                  },
                  "type": "minecraft:tree"
                },
                "placement": [
                  {
                    "predicate": {
                      "type": "minecraft:replaceable"
                    },
                    "type": "minecraft:block_predicate_filter"
                  }
                ]
              },
              {
                "feature": {
                  "config": {
                    "default": {
                      "feature": "arboria_saplings:forest_oak/branch_set/2",
                      "placement": [
                        {
                          "xz_spread": 0,
                          "y_spread": {
                            "value": {
                              "min_inclusive": -3,
                              "max_inclusive": 0
                            },
                            "type": "minecraft:uniform"
                          },
                          "type": "minecraft:random_offset"
                        }
                      ]
                    },
                    "features": [
                      {
                        "chance": 0.55,
                        "feature": {
                          "feature": "arboria_saplings:forest_oak/branch_set/2",
                          "placement": [
                            {
                              "xz_spread": 0,
                              "y_spread": {
                                "value": {
                                  "min_inclusive": 1,
                                  "max_inclusive": 4
                                },
                                "type": "minecraft:biased_to_bottom"
                              },
                              "type": "minecraft:random_offset"
                            }
                          ]
                        }
                      }
                    ]
                  },
                  "type": "minecraft:random_selector"
                },
                "placement": [
                  {
                    "predicate": {
                      "blocks": "minecraft:oak_log",
                      "type": "minecraft:matching_blocks"
                    },
                    "type": "minecraft:block_predicate_filter"
                  },
                  {
                    "direction_of_search": "up",
                    "max_steps": 15,
                    "target_condition": {
                      "predicate": {
                        "blocks": "minecraft:oak_log",
                        "offset": [
                          0,
                          6,
                          0
                        ],
                        "type": "minecraft:matching_blocks"
                      },
                      "type": "minecraft:not"
                    },
                    "type": "minecraft:environment_scan"
                  },
                  {
                    "count": {
                      "value": {
                        "min_inclusive": 1,
                        "max_inclusive": 2
                      },
                      "type": "minecraft:uniform"
                    },
                    "type": "minecraft:count"
                  }
                ]
              },
              {
                "feature": "arboria_saplings:forest_oak/roots/3",
                "placement": [
                  {
                    "predicate": {
                      "blocks": "minecraft:oak_log",
                      "type": "minecraft:matching_blocks"
                    },
                    "type": "minecraft:block_predicate_filter"
                  }
                ]
              }
            ]
          },
          "type": "minecraft:simple_random_selector"
        },
        "placement": [
          {
            "predicate": {
              "state": {
                "Name": "minecraft:oak_sapling",
                "Properties": {
                  "stage": "0"
                }
              },
              "type": "minecraft:would_survive"
            },
            "type": "minecraft:block_predicate_filter"
          },
          {
            "count": 48,
            "type": "minecraft:count"
          }
        ]
      }
    ]
  },
  "type": "minecraft:simple_random_selector"
}