{
  "config": {
    "features": [
      {
        "feature": {
          "config": {
            "features": [
              {
                "feature": {
                  "config": {
                    "default": {
                      "feature": {
                        "config": {
                          "decorators": [
                            {
                              "block_provider": {
                                "state": {
                                  "Name": "minecraft:oak_leaves",
                                  "Properties": {
                                    "distance": "2",
                                    "persistent": "false",
                                    "waterlogged": "false"
                                  }
                                },
                                "type": "minecraft:simple_state_provider"
                              },
                              "directions": [
                                "down"
                              ],
                              "exclusion_radius_xz": 0,
                              "exclusion_radius_y": 0,
                              "probability": 0.05,
                              "required_empty_blocks": 2,
                              "type": "minecraft:attached_to_leaves"
                            }
                          ],
                          "dirt_provider": {
                            "state": {
                              "Name": "minecraft:dirt"
                            },
                            "type": "minecraft:simple_state_provider"
                          },
                          "foliage_placer": {
                            "height": 4,
                            "offset": 3,
                            "radius": 2,
                            "type": "minecraft:fancy_foliage_placer"
                          },
                          "foliage_provider": {
                            "state": {
                              "Name": "minecraft:oak_leaves",
                              "Properties": {
                                "distance": "1",
                                "persistent": "false",
                                "waterlogged": "false"
                              }
                            },
                            "type": "minecraft:simple_state_provider"
                          },
                          "force_dirt": false,
                          "ignore_vines": true,
                          "minimum_size": {
                            "limit": 1,
                            "lower_size": 0,
                            "upper_size": 0,
                            "type": "minecraft:two_layers_feature_size"
                          },
                          "trunk_placer": {
                            "base_height": 13,
                            "height_rand_a": 0,
                            "height_rand_b": 0,
                            "type": "minecraft:fancy_trunk_placer"
                          },
                          "trunk_provider": {
                            "state": {
                              "Name": "minecraft:oak_log",
                              "Properties": {
                                "axis": "y"
                              }
                            },
                            "type": "minecraft:simple_state_provider"
                          }
                        },
                        "type": "minecraft:tree"
                      },
                      "placement": []
                    },
                    "features": [
                      {
                        "chance": 0.4,
                        "feature": {
                          "feature": {
                            "config": {
                              "decorators": [
                                {
                                  "probability": 0.05,
                                  "type": "minecraft:leave_vine"
                                },
                                {
                                  "block_provider": {
                                    "state": {
                                      "Name": "minecraft:oak_leaves",
                                      "Properties": {
                                        "distance": "2",
                                        "persistent": "false",
                                        "waterlogged": "false"
                                      }
                                    },
                                    "type": "minecraft:simple_state_provider"
                                  },
                                  "directions": [
                                    "down"
                                  ],
                                  "exclusion_radius_xz": 0,
                                  "exclusion_radius_y": 0,
                                  "probability": 0.05,
                                  "required_empty_blocks": 2,
                                  "type": "minecraft:attached_to_leaves"
                                }
                              ],
                              "dirt_provider": {
                                "state": {
                                  "Name": "minecraft:dirt"
                                },
                                "type": "minecraft:simple_state_provider"
                              },
                              "foliage_placer": {
                                "height": 4,
                                "offset": 3,
                                "radius": 2,
                                "type": "minecraft:fancy_foliage_placer"
                              },
                              "foliage_provider": {
                                "state": {
                                  "Name": "minecraft:oak_leaves",
                                  "Properties": {
                                    "distance": "1",
                                    "persistent": "false",
                                    "waterlogged": "false"
                                  }
                                },
                                "type": "minecraft:simple_state_provider"
                              },
                              "force_dirt": false,
                              "ignore_vines": true,
                              "minimum_size": {
                                "limit": 1,
                                "lower_size": 0,
                                "upper_size": 0,
                                "type": "minecraft:two_layers_feature_size"
                              },
                              "trunk_placer": {
                                "base_height": 13,
                                "height_rand_a": 0,
                                "height_rand_b": 0,
                                "type": "minecraft:fancy_trunk_placer"
                              },
                              "trunk_provider": {
                                "state": {
                                  "Name": "minecraft:oak_log",
                                  "Properties": {
                                    "axis": "y"
                                  }
                                },
                                "type": "minecraft:simple_state_provider"
                              }
                            },
                            "type": "minecraft:tree"
                          },
                          "placement": []
                        }
                      }
                    ]
                  },
                  "type": "minecraft:random_selector"
                },
                "placement": [
                  {
                    "predicate": {
                      "type": "minecraft:replaceable"
                    },
                    "type": "minecraft:block_predicate_filter"
                  },
                  {
                    "count": {
                      "distribution": [
                        {
                          "data": 3,
                          "weight": 1
                        },
                        {
                          "data": 2,
                          "weight": 3
                        }
                      ],
                      "type": "minecraft:weighted_list"
                    },
                    "type": "minecraft:count"
                  }
                ]
              },
              {
                "feature": "arboria_saplings:jungle_oak/roots",
                "placement": [
                  {
                    "predicate": {
                      "blocks": "minecraft:oak_log",
                      "type": "minecraft:matching_blocks"
                    },
                    "type": "minecraft:block_predicate_filter"
                  }
                ]
              }
            ]
          },
          "type": "minecraft:simple_random_selector"
        },
        "placement": [
          {
            "predicate": {
              "state": {
                "Name": "minecraft:oak_sapling",
                "Properties": {
                  "stage": "0"
                }
              },
              "type": "minecraft:would_survive"
            },
            "type": "minecraft:block_predicate_filter"
          },
          {
            "count": 32,
            "type": "minecraft:count"
          }
        ]
      }
    ]
  },
  "type": "minecraft:simple_random_selector"
}